{
  "models": [
    {
      "model": "XGBoost supervised",
      "precision": 1.0,
      "recall": 0.9951290793960058,
      "f1": 0.99755859375,
      "auc_pr": 0.9986179900367761,
      "roc_auc": 0.9994396973535455
    },
    {
      "model": "Isolation Forest",
      "precision": 0.3476983349657199,
      "recall": 0.345835362883585,
      "f1": 0.34676434676434675,
      "auc_pr": 0.19291954002004819,
      "roc_auc": 0.6323746729801136
    },
    {
      "model": "Bank rule isFlaggedFraud",
      "precision": 1.0,
      "recall": 0.0014612761811982464,
      "f1": 0.0029182879377431907,
      "auc_pr": 0.11239201211193417,
      "roc_auc": 0.5007306380905991
    }
  ],
  "confusion_matrix": [
    [
      16427,
      0
    ],
    [
      10,
      2043
    ]
  ],
  "confusion_matrices": {
    "xgb": [
      [
        16427,
        0
      ],
      [
        10,
        2043
      ]
    ],
    "iforest": [
      [
        15095,
        1332
      ],
      [
        1343,
        710
      ]
    ],
    "rule": [
      [
        16427,
        0
      ],
      [
        2050,
        3
      ]
    ]
  },
  "roc_curve": {
    "fpr": [
      0.0,
      0.0,
      0.0,
      0.0,
      0.0,
      0.0,
      0.0,
      0.0,
      0.01789736409569611,
      0.061301515797163204,
      0.10202715042308395,
      0.1292384488951117,
      0.1551713642174469,
      0.1796432702258477,
      0.21184635052048456,
      0.2349181226030316,
      0.2590856516710294,
      0.2827053022463018,
      0.3017592987155293,
      0.3207524197966762,
      0.3408412978632739,
      0.3583734096304864,
      0.3765142752785049,
      0.39234187617946065,
      0.4067693431545626,
      0.4236927010409691,
      0.44171181591282643,
      0.4572350398733792,
      0.4694709928775796,
      0.4860290984355025,
      0.5022219516649419,
      0.5220064527911366,
      0.536799172094722,
      0.5523832714433554,
      0.5690631277774396,
      0.5835514701406221,
      0.6006574541912705,
      0.6183113167346442,
      0.6357216777256955,
      0.6564801850611798,
      0.6735252937237475,
      0.6936141717903451,
      0.7089547695866562,
      0.7242953673829671,
      0.740244719060084,
      0.7547939368113472,
      0.7741523102209776,
      0.7915017958239484,
      0.8098861630242893,
      0.8254702623729226,
      0.8423327448712485,
      0.8570645887867535,
      0.8757533329274975,
      0.8912156814999695,
      0.9039995129968954,
      0.9186096061362391,
      0.9316978145735679,
      0.9454556522797832,
      0.962500760942351,
      0.9774152310220978
    ],
    "tpr": [
      0.0,
      0.2552362396492937,
      0.3477837311251827,
      0.4680954700438383,
      0.5601558694593278,
      0.6575742815392109,
      0.7564539698002922,
      0.8884559181685339,
      0.997564539698003,
      0.9980516317584024,
      0.9980516317584024,
      0.9985387238188017,
      0.9990258158792011,
      0.9990258158792011,
      0.9990258158792011,
      0.9990258158792011,
      0.9990258158792011,
      0.9990258158792011,
      0.9990258158792011,
      0.9995129079396006,
      0.9995129079396006,
      0.9995129079396006,
      0.9995129079396006,
      0.9995129079396006,
      0.9995129079396006,
      0.9995129079396006,
      0.9995129079396006,
      0.9995129079396006,
      0.9995129079396006,
      0.9995129079396006,
      0.9995129079396006,
      0.9995129079396006,
      1.0,
      1.0,
      1.0,
      1.0,
      1.0,
      1.0,
      1.0,
      1.0,
      1.0,
      1.0,
      1.0,
      1.0,
      1.0,
      1.0,
      1.0,
      1.0,
      1.0,
      1.0,
      1.0,
      1.0,
      1.0,
      1.0,
      1.0,
      1.0,
      1.0,
      1.0,
      1.0,
      1.0
    ]
  },
  "pr_curve": {
    "recall": [
      1.0,
      1.0,
      1.0,
      1.0,
      1.0,
      1.0,
      1.0,
      1.0,
      1.0,
      1.0,
      1.0,
      1.0,
      1.0,
      1.0,
      1.0,
      1.0,
      1.0,
      1.0,
      1.0,
      1.0,
      1.0,
      1.0,
      1.0,
      1.0,
      0.9995129079396006,
      0.9995129079396006,
      0.9995129079396006,
      0.9995129079396006,
      0.9995129079396006,
      0.9995129079396006,
      0.9995129079396006,
      0.9995129079396006,
      0.9995129079396006,
      0.9995129079396006,
      0.9995129079396006,
      0.9995129079396006,
      0.9990258158792011,
      0.9990258158792011,
      0.9990258158792011,
      0.9990258158792011,
      0.9990258158792011,
      0.9990258158792011,
      0.9990258158792011,
      0.9990258158792011,
      0.9990258158792011,
      0.9990258158792011,
      0.9985387238188017,
      0.9985387238188017,
      0.9985387238188017,
      0.9980516317584024,
      0.9980516317584024,
      0.9980516317584024,
      0.9980516317584024,
      0.997564539698003,
      0.997564539698003,
      0.997564539698003,
      0.9951290793960058,
      0.8577691183633707,
      0.7126156843643449,
      0.49585971748660496
    ],
    "precision": [
      0.11109307359307359,
      0.1131191801201168,
      0.11550579498143355,
      0.11789364878833122,
      0.12012170148031127,
      0.12215148450050574,
      0.12432628837885303,
      0.1273099342676423,
      0.12983809764735643,
      0.13260560651078673,
      0.13566378114055375,
      0.1388006219998648,
      0.14223361507551613,
      0.14548933456168947,
      0.1491138872748402,
      0.15287809963511803,
      0.1563118623420131,
      0.16032799687622024,
      0.1640824808184143,
      0.16843055213717287,
      0.17268062915299856,
      0.17747233748271093,
      0.18265124555160142,
      0.18829679904613408,
      0.1933295647258338,
      0.1992619926199262,
      0.20590006020469598,
      0.21211494728137276,
      0.21874000639590663,
      0.22634017207147583,
      0.2337129840546697,
      0.24212389380530974,
      0.2504577077993409,
      0.2595497090817101,
      0.26883270011790905,
      0.27895595432300163,
      0.28968926553672314,
      0.301440329218107,
      0.3138485080336649,
      0.3265923566878981,
      0.34035844673083304,
      0.35545927209705375,
      0.37229987293519695,
      0.3900722708254089,
      0.4092178770949721,
      0.431335436382755,
      0.45474711623779945,
      0.4838329006372433,
      0.5145582329317269,
      0.5487412961971077,
      0.5866017749785285,
      0.6312384473197782,
      0.6836836836836837,
      0.7449981811567843,
      0.8143141153081511,
      0.8986397542781922,
      0.9995107632093934,
      1.0,
      1.0,
      1.0
    ]
  }
}